https://www.abc.net.au;5
https://www.asrock.com;1
https://www.acrimed.org/;3
https://www.airbreizh.asso.fr/;2
https://albiononline.com;1
https://www.allsides.com;4
https://www.allocine.fr;4
https://www.allocine.fr/film/sorties-semaine/;4
http://www.anime-ultime.net/;2
https://www.anisearch.de;2
https://arstechnica.com/;4
https://www.arte.tv/;4
http://www.asahi.com/ajw/;4
https://apnews.com/;5
https://www.awwwards.com/;3
https://www.bourse-aux-equipiers.com;2
https://www.bmd.com;1
https://bad-dragon.com/;1
https://daily.bandcamp.com;3
https://www.bastamag.net/;3
https://www.binance.com/en/blog;2
https://www.bleepingcomputer.com/;3
https://news.blizzard.com;2
https://in.bookmyshow.com;2
https://www.bukowskis.com;1
https://www.bundesbank.de/;2
https://www.bundestag.de/parlament/praesidium/parteienfinanzierung/fundstellen50000;1
https://www.bffk.de/aktuelles/aktuelle-nachrichten.html;2
https://www.cnet.com/;4
https://stadt-bremerhaven.de/;2
https://cdaction.pl;2
https://www.cp.pt/passageiros/pt;1
https://www.commondreams.org/;3
http://www.copie-double.com/;2
https://www.correiodafeira.pt/;2
https://www.courrierinternational.com/;4
https://www.crewbay.com/crew/recreational;1
https://cryptome.org/;2
https://www.dn.se/direkt/;4
https://www.dailythanthi.com/;2
http://donmai.us/;1
https://danstonchat.com/;1
https://www.desouttertools.com;1
https://www.darkreading.com/;4
https://www.ledauphine.com/;3
https://www.davestrailerpage.co.uk/;1
https://www.berlin.de/polizei/service/versammlungsbehoerde/versammlungen-aufzuege/;3
https://www.daec.de/news/;2
https://www.developpez.com/;3
https://doujinstyle.com/;1
https://dribbble.com;2
https://drive2.ru/;3
https://eddh.de/info/pireps_08days.php;2
https://eddh.de/presse/presseschau.php;2
https://www.economist.com/;5
https://www.economist.com/the-world-in-brief;5
https://community.elitedangerous.com/galnet/;3
https://www.engadget.com/;4
https://www.epicgames.com;2
https://www.erowall.com/teg/;1
https://www.esquerda.net/rss/;2
https://www.estcequonmetenprodaujourdhui.info/;1
https://www.euronews.com/;4
https://www.executeprogram.com/blog;2
https://explosm.net/comics/latest#comic;3
https://f-droid.org/;1
https://fm4.orf.at;3
https://blog.f-secure.com/;2
https://bellard.org/;1
https://www.fallguys.com/en-US/news;1
https://esdf.com/;1
https://fia.com;2
https://ficbook.net/;2
https://www.finanzfluss.de/blog;2
https://www.findacrew.net/en//search?srhtyp=srhrst&mdl=2;1
https://www.mozilla.org/en-US/firefox/;2
https://www.flickr.com/;2
https://www.fliegermagazin.de/news-fuer-piloten/;1
https://formula1.com/;2
https://www.freecodecamp.org;3
https://www.furaffinity.net;1
https://gbatemp.net/;1
https://gog.com;2
https://gelbooru.com/;1
https://genshin.mihoyo.com/en/news;2
https://github.com/trending;2
https://gizmodo.com;3
https://goaccess.io/release-notes;1
https://www.golem.de/;3
https://www.bund-naturschutz.de/ueber-uns/organisation/kreisgruppen-ortsgruppen;1
https://nl.hardware.info/;2
https://hashnode.com;2
https://haveibeenpwned.com;1
https://heise.de/;3
https://honkaiimpact3.hoyoverse.com/asia/en-us/news;1
https://www.hotukdeals.com/;2
https://hytale.com/news;1
https://www.ign.com/;4
https://www.indiegogo.com;2
https://www.understandingwar.org;3
https://www.instructables.com;4
https://www.iiss.org;2
https://itaku.ee;3
https://www.japan-expo-paris.com/fr/actualites;3
https://www.jornaln.pt/;2
https://www.justetf.com;2
https://www.justwatch.com/;4
https://kanali6.com.cy/mp3/TOC.html;1
https://downloads.khinsider.com/;3
https://killedbygoogle.com;4
https://killedbymicrosoft.info;4
https://kitsu.io;4
https://www.kleinanzeigen.de;2
https://www.koreus.com/;4
https://lwn.net/free/bigpage;2
https://www.latex-project.org;1
https://www.lemondeinformatique.fr/;2
https://ideas.lego.com/search/global_search/ideas?support_value=&support_value=10000&idea_phase=&sort=most_recent;4
https://lesjoiesducode.fr/;3
https://listverse.com/;4
https://logic-masters.de/;3
https://www.lba.de/DE/Home/Nachrichten/nachrichten_node.html;2
https://www.luftsport-sh.de/start.html;2
https://www.maalaimalar.com/;1
https://www.magellantv.com/articles;3
https://mangadex.org/;4
https://www.mediapart.fr/;3
https://www.monde-diplomatique.fr;3
https://www.mydealz.de/;3
http://nflrus.ru/;3
https://www.nytimes.com/;5
https://apod.nasa.gov/apod/;5
https://www.nationalgeographic.com/;5
https://www.nautiljon.com;3
https://www.next.ink/;2
https://www.nextgov.com/;2
https://www.nicematin.com/;2
https://downloadcenter.nikonimglib.com/en/update/index/2024.html;1
https://www.nius.de/news;3
https://www.nordbayern.de;2
https://notalwaysright.com/;4
https://novayagazeta.eu;3
https://nyaa.si/?page=rss&s=id&o=desc&;3
https://www.om-online.de;2
https://www.openlynews.com/;3
https://openwrt.org/advisory/start;2
https://otrkeyfinder.com;1
https://www.pcgamingwiki.com/wiki/PCGamingWiki:News;3
https://app.panneaupocket.com;2
https://pota.app/#;2
https://www.pcgamer.com/;4
https://www.phoronix.com;3
https://plantuml.com/changes;2
https://www.pokemon.com/us/pokemon-news;3
https://qwantz.com/;1
https://racedepartment.com/;2
https://www.radiomelodie.com;1
http://3dsdb.com/;2
https://www.reporterre.net/;2
https://www.reuters.com;5
https://roosterteeth.com;2
https://www.nouvelobs.com/rue89/;3
https://rumble.com;2
https://www.schweinfurt.de/rathaus-politik/pressestelle/buergerinformationen/index.html;1
https://scribblehub.com/;1
https://www.shanaproject.com;2
https://shimmie.shishnet.org/;1
https://skimfeed.com;2
https://sleeper.com/topics/170000000000000000;1
https://slushe.com;1
https://www.splcenter.org;3
https://spottschau.com/;1
https://ssir.org/books/;2
https://stripe.com/docs/upgrades;1
https://api2.sota.org.uk/api/spots/;1
https://www.smashbros.com/en_US/blog/index.html;2
https://www.thefarside.com;2
https://www.theguardian.com/;4
https://thehackernews.com/;3
https://www.theredhandfiles.com;1
https://tldr.tech/;2
https://blog.twitter.com/engineering/;2
https://forums.unraid.net/topic/38582-plug-in-community-applications/;1
https://usbeketrica.com;2
https://www.usenix.org/publications;2
https://variety.com;3
https://www.vice.com/;3
https://www.viedemerde.fr;1
https://www.vpro.nl/programmas/tegenlicht/lees/artikelen.html;1
https://www.wymt.com/news/;2
https://www.welivesecurity.com/;4
https://webfail.com;1
https://wikileaks.org;3
https://www.wikipedia.org/;4
https://www.wired.com/;4
https://worldoftanks.eu/;1
https://www.worldbank.org/en/news/all;2
https://yorushika.com;1
https://www.zdnet.com/;3
https://www.zeit.de/;3
