ABCNewsBridge;https://www.abc.net.au
AllSidesBridge;https://www.allsides.com
AmazonBridge;https://www.amazon.com/
ArsTechnicaBridge;https://arstechnica.com/
AssociatedPressNewsBridge;https://apnews.com/
CNETBridge;https://www.cnet.com/
CNETFranceBridge;https://www.cnetfrance.fr/
CourrierInternationalBridge;https://www.courrierinternational.com/
DailyMotionBridge;https://www.dailymotion.com/
DeutscheWelleBridge;https://www.dw.com
EconomistBridge;https://www.economist.com/
EngadgetBridge;https://www.engadget.com/
EuronewsBridge;https://www.euronews.com/
FacebookBridge;https://www.facebook.com/?_fb_noscript=1
FliegermagazinBridge;https://www.fliegermagazin.de/news-fuer-piloten/
FolhaDeSaoPauloBridge;https://www1.folha.uol.com.br
Formula1Bridge;https://formula1.com/
GizmoBridge;https://gizmodo.com
GoogleSearchBridge;https://www.google.com/
IGNBridge;https://www.ign.com/
InstagramBridge;https://www.instagram.com/
LeMondeInformatiqueBridge;https://www.lemondeinformatique.fr/
ListverseBridge;https://listverse.com/
MaalaimalarBridge;https://www.maalaimalar.com/
MediapartBridge;https://www.mediapart.fr/
MondeDiploBridge;https://www.monde-diplomatique.fr
MsnMondeBridge;https://www.msn.com/fr-fr/actualite
NYTBridge;https://www.nytimes.com/
NationalGeographicBridge;https://www.nationalgeographic.com/
NineGagBridge;https://9gag.com/
